49140,HAMBURG,Tschentscherstrasse,0
04872,HAMBURG,Evelyn-Boerner-Gasse,1
42532,HAMBURG,Hinrich-Juncken-Weg,1
91227,HAMBURG,Friedemann-Schenk-Strasse,1
15911,HAMBURG,Heini-Wernecke-Strasse,1
78804,HAMBURG,Katalin-Schueler-Ring,1
16767,HAMBURG,Siegward-Nerger-Platz,1
34995,HAMBURG,Marieluise-Scholz-Ring,1
88797,HAMBURG,Boris-Suessebier-Platz,1
45271,HAMBURG,Schomberplatz,1
70811,HAMBURG,Kaethe-Walter-Gasse,1
93311,HAMBURG,Theodora-Zaenker-Platz,0
88056,HAMBURG,Galina-Plath-Weg,0
66961,HAMBURG,Waehnerallee,0
97005,HAMBURG,Raedelstrasse,0
50134,HAMBURG,Roehrichtweg,0
84935,HAMBURG,Fred-Adler-Platz,0
46672,HAMBURG,Bluemelstr.,0
14692,HAMBURG,Marian-Bohnbach-Gasse,0
90743,HAMBURG,Giessstr.,0
19165,HAMBURG,Losekannstr.,0
06162,HAMBURG,Hornichstr.,0
79453,HAMBURG,Siegmar-Juettner-Platz,0
07039,HAMBURG,Fritschgasse,0
11517,HAMBURG,Kobeltring,0
64968,HAMBURG,Urszula-Seifert-Strasse,0
71926,HAMBURG,Klotzstrasse,0
24290,HAMBURG,Hartungweg,0
31689,HAMBURG,Anneli-Weinhage-Allee,0
67417,HAMBURG,Hans-Hinrich-Weitzel-Allee,0
57432,HAMBURG,Trubinstr.,0
55016,HAMBURG,Hessering,0
58528,HAMBURG,Hillerplatz,0
97579,HAMBURG,Emanuel-Kramer-Weg,0
17597,HAMBURG,Hartmut-Fischer-Allee,0
47001,HAMBURG,Dunja-Meyer-Gasse,0
92451,HAMBURG,Jesselring,0
40478,HAMBURG,Nadeshda-Bolander-Ring,0
48432,HAMBURG,Bernd-Dieter-Rudolph-Platz,0
79897,HAMBURG,Miesring,0
50624,HAMBURG,Kristine-Wulf-Platz,0
34805,HAMBURG,Jonas-Kramer-Gasse,0
46805,HAMBURG,Pechelweg,0
09315,HAMBURG,Gabriella-Geisel-Allee,0
70732,HAMBURG,Mielcarekstrasse,0
50474,HAMBURG,Roland-Mude-Gasse,0
22354,HAMBURG,Kreinallee,0
98942,HAMBURG,Erich-Holzapfel-Weg,0
21427,HAMBURG,Sauergasse,0
12215,HAMBURG,Seipstrasse,0
38172,BERLIN,Groettnerring,0
41800,BERLIN,Gabor-Waehner-Platz,1
21393,BERLIN,Hoevelallee,1
74012,BERLIN,Kreingasse,1
99572,BERLIN,Frederik-Anders-Allee,1
19873,BERLIN,Bohlanderweg,1
05535,BERLIN,Wagenknechtstrasse,1
56444,BERLIN,Ortmannstr.,1
83843,BERLIN,Isabell-Juncken-Ring,1
99769,BERLIN,Mendegasse,1
79975,BERLIN,Dowergring,1
43704,BERLIN,Lene-Baum-Weg,0
97597,BERLIN,Hans-Detlef-Walter-Weg,0
63736,BERLIN,Kristin-Koch-Ring,0
69164,BERLIN,Romy-Barth-Allee,0
59510,BERLIN,Jacobi Jaeckelallee,0
24241,BERLIN,Faustgasse,0
98809,BERLIN,Tilo-Kroker-Strasse,0
33645,BERLIN,Oxana-Kabus-Weg,0
44213,BERLIN,Blanka-Mohaupt-Ring,0
11618,BERLIN,Stahrring,0
83841,BERLIN,Jesselweg,0
28868,BERLIN,Dunja-Trommler-Ring,0
49559,BERLIN,Roemerplatz,0
45404,BERLIN,Hartungallee,0
45752,BERLIN,Herta-Klapp-Gasse,0
06542,BERLIN,Dippelallee,0
69143,BERLIN,Pohlstr.,0
97408,BERLIN,Dippelplatz,0
82406,BERLIN,Beckerweg,0
89526,BERLIN,Elisa-Flantz-Platz,0
57180,BERLIN,Damaris-Wilms-Allee,0
30161,BERLIN,Helmuth-Poelitz-Gasse,0
15195,BERLIN,Ziegertgasse,0
85515,BERLIN,Elzbieta-Wende-Strasse,0
44042,BERLIN,Frankeplatz,0
02978,BERLIN,Else-Eigenwillig-Allee,0
18308,BERLIN,Austermuehleplatz,0
81315,BERLIN,Antonius-Neuschaefer-Allee,0
16311,BERLIN,Hesergasse,0
75255,BERLIN,Sagerstr.,0
50230,BERLIN,Oswald-Gerlach-Allee,0
88326,BERLIN,Reisingstr.,0
76070,BERLIN,Soelzerallee,0
60568,BERLIN,Manja-Zobel-Ring,0
24959,BERLIN,Suessebierweg,0
00639,BERLIN,Mark-Rosemann-Gasse,0
92293,BERLIN,Wolfhard-Hecker-Allee,0
40646,BERLIN,Roggeweg,0
49860,BERLIN,Nikolaus-Loeffler-Ring,0
96084,ERFURT,Lukas-Klemm-Allee,0
19660,ERFURT,Wesackallee,1
18518,ERFURT,Loefflerweg,1
78359,ERFURT,Janusz-Drewes-Allee,1
65245,ERFURT,Manja-Schleich-Ring,1
30062,ERFURT,Loewerstrasse,1
12488,ERFURT,Thilo-Moechlichen-Weg,1
66545,ERFURT,Ingetraut-Ruppert-Allee,1
91149,ERFURT,Friedrich-Wilhelm-Drubin-Ring,1
46741,ERFURT,Kristiane-Benthin-Allee,1
34441,ERFURT,Rittergasse,1
77460,ERFURT,Beckmannring,0
63953,ERFURT,Lorenz-auch Schlauchin-Ring,0
77099,ERFURT,Thanelplatz,0
88157,ERFURT,Scheuermannallee,0
50170,ERFURT,Ingolf-Barth-Allee,0
29585,ERFURT,Murat-Fischer-Strasse,0
51367,ERFURT,Gordana-Werner-Weg,0
75948,ERFURT,Ullmanngasse,0
95669,ERFURT,Heidrichweg,0
10643,ERFURT,Gotthold-Schacht-Weg,0
17007,ERFURT,Heuserstrasse,0
43570,ERFURT,Hessestr.,0
01301,ERFURT,Tillmann-Trupp-Weg,0
60413,ERFURT,Wilmsstrasse,0
70242,ERFURT,Harloffgasse,0
34212,ERFURT,Beckmannstr.,0
41254,ERFURT,Ruststr.,0
01025,ERFURT,Pero-Stiebitz-Allee,0
08981,ERFURT,Ruthild-Anders-Allee,0
78338,ERFURT,Hiltraud-Gotthard-Weg,0
46805,ERFURT,Franz-Xaver-Beckmann-Allee,0
37178,ERFURT,Oestrovskyring,0
52738,ERFURT,Waldtraut-Zirme-Strasse,0
75622,ERFURT,Krokerring,0
39677,ERFURT,Gertraud-Heidrich-Ring,0
86470,ERFURT,Isabel-Kraushaar-Allee,0
71554,ERFURT,Cathrin-Gehringer-Allee,0
22706,ERFURT,Dussen vangasse,0
74957,ERFURT,Loosring,0
60831,ERFURT,Junkenallee,0
97256,ERFURT,Mudeallee,0
33846,ERFURT,Jaentschgasse,0
17652,ERFURT,Kuno-Vogt-Weg,0
02308,ERFURT,Wagenknechtplatz,0
50284,ERFURT,Doerschnerring,0
08901,ERFURT,Helena-Eberhardt-Allee,0
87644,ERFURT,Hermine-Weiss-Gasse,0
86747,ERFURT,Schuchhardtallee,0
28347,ERFURT,Hubertine-Heinz-Platz,0
71887,FRANKFURT AM MAIN,Friederike-Schueler-Strasse,0
91564,FRANKFURT AM MAIN,Stavros-Schuchhardt-Gasse,1
91738,FRANKFURT AM MAIN,Schollring,1
76586,FRANKFURT AM MAIN,Budigstr.,1
73116,FRANKFURT AM MAIN,Gertrude-Rose-Gasse,1
30181,FRANKFURT AM MAIN,Dagobert-Schinke-Strasse,1
18283,FRANKFURT AM MAIN,Schmidtweg,1
91099,FRANKFURT AM MAIN,Edelbert-Trueb-Platz,1
08986,FRANKFURT AM MAIN,Losekannring,1
48633,FRANKFURT AM MAIN,Junitzstr.,1
28460,FRANKFURT AM MAIN,Arzu-Klotz-Gasse,1
77972,FRANKFURT AM MAIN,Johan-Roehricht-Weg,0
51990,FRANKFURT AM MAIN,Friederike-Koester-Allee,0
03793,FRANKFURT AM MAIN,Mansstr.,0
65002,FRANKFURT AM MAIN,Beckergasse,0
33635,FRANKFURT AM MAIN,Kabusweg,0
68378,FRANKFURT AM MAIN,Hessestr.,0
49422,FRANKFURT AM MAIN,Britta-Kallert-Strasse,0
06324,FRANKFURT AM MAIN,Rustgasse,0
01788,FRANKFURT AM MAIN,Gunda-Mentzel-Ring,0
36372,FRANKFURT AM MAIN,Hertrampfgasse,0
48798,FRANKFURT AM MAIN,Wagnerring,0
55362,FRANKFURT AM MAIN,Benthinallee,0
18283,FRANKFURT AM MAIN,Mareike-Pruschke-Allee,0
11211,FRANKFURT AM MAIN,Francoise-Hahn-Ring,0
81856,FRANKFURT AM MAIN,Torsten-Henck-Allee,0
00954,FRANKFURT AM MAIN,Guteplatz,0
13904,FRANKFURT AM MAIN,Hartungring,0
14043,FRANKFURT AM MAIN,Reisingstr.,0
69920,FRANKFURT AM MAIN,Bianka-Pohl-Ring,0
50857,FRANKFURT AM MAIN,William-Faust-Platz,0
54971,FRANKFURT AM MAIN,Fredy-Hofmann-Strasse,0
98945,FRANKFURT AM MAIN,Strohstr.,0
14596,FRANKFURT AM MAIN,Annegret-Junck-Gasse,0
94158,FRANKFURT AM MAIN,Hellwigplatz,0
41049,FRANKFURT AM MAIN,Pauline-Heinrich-Allee,0
52181,FRANKFURT AM MAIN,Luigi-Kohl-Platz,0
75757,FRANKFURT AM MAIN,Junitzweg,0
73556,FRANKFURT AM MAIN,Bohlanderplatz,0
22868,FRANKFURT AM MAIN,Immo-Stolze-Gasse,0
43518,FRANKFURT AM MAIN,Wielochplatz,0
78690,FRANKFURT AM MAIN,Hauffergasse,0
95295,FRANKFURT AM MAIN,Giesela-Knappe-Ring,0
50223,FRANKFURT AM MAIN,Kuhlweg,0
56037,FRANKFURT AM MAIN,Olivia-Seip-Platz,0
70976,FRANKFURT AM MAIN,Nohlmansstr.,0
36028,FRANKFURT AM MAIN,Rohtallee,0
33086,FRANKFURT AM MAIN,Schaeferplatz,0
43285,FRANKFURT AM MAIN,Waehnerring,0
62111,FRANKFURT AM MAIN,Ronald-Ernst-Platz,0
98614,MUENCHEN,Jockelplatz,0
16914,MUENCHEN,Iwona-Henk-Ring,1
36453,MUENCHEN,Thomas-Kusch-Strasse,1
73948,MUENCHEN,Eigenwilligweg,1
20050,MUENCHEN,Niko-Stroh-Weg,1
07257,MUENCHEN,Victor-Steinberg-Allee,1
70658,MUENCHEN,Janette-Drub-Allee,1
80836,MUENCHEN,Brigitte-Scholtz-Platz,1
65147,MUENCHEN,Daniela-Roemer-Allee,1
65221,MUENCHEN,Gustav-Holt-Weg,1
04877,MUENCHEN,Liebeltstrasse,1
70703,MUENCHEN,Cordula-Zaenker-Gasse,0
39122,MUENCHEN,Haasestrasse,0
72792,MUENCHEN,Vesna-Misicher-Ring,0
12380,MUENCHEN,Katerina-Giess-Weg,0
37171,MUENCHEN,Paffrathstr.,0
08906,MUENCHEN,Ackermannallee,0
04300,MUENCHEN,Hermann-Schmiedt-Gasse,0
36189,MUENCHEN,Kemal-Adler-Gasse,0
67120,MUENCHEN,Eimerstr.,0
85675,MUENCHEN,Veronique-Mohaupt-Strasse,0
47478,MUENCHEN,van der Dussenstrasse,0
69531,MUENCHEN,Rittergasse,0
37011,MUENCHEN,Rocco-Hoerle-Ring,0
26784,MUENCHEN,Ortmannstr.,0
62929,MUENCHEN,Gunpfring,0
69928,MUENCHEN,Yvette-Stey-Gasse,0
11381,MUENCHEN,Emanuel-Rust-Platz,0
42368,MUENCHEN,Doehnplatz,0
84456,MUENCHEN,Putzweg,0
58752,MUENCHEN,Metzring,0
58473,MUENCHEN,Roerrichtplatz,0
93441,MUENCHEN,Eimerstr.,0
53147,MUENCHEN,Suessebierallee,0
09075,MUENCHEN,Ruppersbergergasse,0
97722,MUENCHEN,Loechelweg,0
98220,MUENCHEN,Bruderring,0
14785,MUENCHEN,Loewerweg,0
53557,MUENCHEN,Benderstrasse,0
32774,MUENCHEN,Schollstrasse,0
93821,MUENCHEN,Steinbergweg,0
31946,MUENCHEN,Dagmar-Ehlert-Gasse,0
05045,MUENCHEN,Haufferstrasse,0
82938,MUENCHEN,Schomberring,0
55224,MUENCHEN,Klingelhoeferweg,0
48593,MUENCHEN,Hertrampfstr.,0
86992,MUENCHEN,Klotzstrasse,0
94902,MUENCHEN,Freudenbergerring,0
99208,MUENCHEN,Killerplatz,0
83124,MUENCHEN,Schuchhardtstrasse,0
83724,HAMBURG,Textorweg,0
14142,HAMBURG,Asta-Mueller-Gasse,0
30426,HAMBURG,Thea-Knappe-Gasse,0
00514,HAMBURG,Rohlederweg,0
11181,HAMBURG,Genoveva-Schleich-Weg,0
09937,HAMBURG,Anastasia-Kaester-Gasse,0
23506,HAMBURG,Sylke-Rust-Ring,0
26492,HAMBURG,Abram-Riehl-Ring,0
19179,HAMBURG,Bayram-Schwital-Platz,0
38271,HAMBURG,Wieland-Kraushaar-Ring,0
48847,HAMBURG,Miroslav-Holzapfel-Ring,0
79980,HAMBURG,Bohnbachgasse,0
60954,HAMBURG,Wigbert-Schinke-Strasse,0
99306,HAMBURG,Necati-Kobelt-Weg,0
21413,HAMBURG,Nohlmansgasse,0
87976,HAMBURG,Theodoros-Reinhardt-Strasse,0
60119,HAMBURG,Stollgasse,0
12452,HAMBURG,Alfredo-Jopich-Allee,0
28807,HAMBURG,Metzweg,0
64572,HAMBURG,Wesackplatz,0
44420,HAMBURG,Insa-Doehn-Platz,0
33334,HAMBURG,Alina-Henschel-Allee,0
53992,HAMBURG,Haufferallee,0
84965,HAMBURG,Benedikt-Baum-Strasse,0
77218,HAMBURG,Baererweg,0
52076,HAMBURG,Natascha-Loeffler-Allee,0
72609,HAMBURG,Wagenknechtallee,0
10237,HAMBURG,Baumweg,0
85532,HAMBURG,Schmidtkegasse,0
65694,HAMBURG,Ditmar-Giess-Platz,0
50808,HAMBURG,Schachtstr.,0
33189,HAMBURG,Burkard-Hess-Ring,0
42520,HAMBURG,Truballee,0
30367,HAMBURG,Bastian-Gude-Platz,0
60762,HAMBURG,Pergandeplatz,0
81757,HAMBURG,Marina-Klotz-Strasse,0
91038,HAMBURG,Kaesterplatz,0
58137,HAMBURG,Hahnstr.,0
80016,HAMBURG,Reisingweg,0
61861,HAMBURG,Warmerplatz,0
78442,HAMBURG,Carmela-Thanel-Weg,0
08616,HAMBURG,Yilmaz-Poelitz-Weg,0
93952,HAMBURG,Hendriksgasse,0
68247,HAMBURG,Peukertweg,0
82046,HAMBURG,Jesselallee,0
53135,HAMBURG,Scheelallee,0
84045,HAMBURG,Frank-Michael-Baum-Platz,0
84946,HAMBURG,Marisa-Karge-Platz,0
52379,HAMBURG,Killergasse,0
60209,HAMBURG,Urszula-Ziegert-Platz,0
83408,HAMBURG,Pruschkering,0
59691,HAMBURG,Doerthe-Liebelt-Strasse,0
40428,HAMBURG,Ottoring,0
13868,HAMBURG,Roskothstr.,0
60012,HAMBURG,Marten-Oestrovsky-Allee,0
93800,HAMBURG,Trappstrasse,0
58371,HAMBURG,Tlustekweg,0
48851,HAMBURG,Siegried-Haering-Weg,0
42204,HAMBURG,Theodor-Birnbaum-Ring,0
21163,HAMBURG,Heinweg,0
50523,HAMBURG,Alice-Hoefig-Gasse,0
39290,HAMBURG,Dominic-Ortmann-Platz,0
56956,HAMBURG,Ercan-Geissler-Weg,0
62715,HAMBURG,Trubingasse,0
99403,HAMBURG,Roehrdanzallee,0
00380,HAMBURG,Troestgasse,0
33224,HAMBURG,Rebecca-Graf-Strasse,0
69792,HAMBURG,Guelay-Renner-Weg,0
88377,HAMBURG,Holstenallee,0
80167,HAMBURG,Hans-Detlef-Weitzel-Platz,0
33185,HAMBURG,Nadia-Ring-Weg,0
71145,HAMBURG,Hans-Otto-Dussen van-Platz,0
40637,HAMBURG,Trappstrasse,0
71832,HAMBURG,Textorstr.,0
83880,HAMBURG,Ernst-Scheibe-Gasse,0
52096,HAMBURG,Junckstr.,0
82165,HAMBURG,Heribert-Davids-Platz,0
62268,HAMBURG,Liselotte-Heinrich-Allee,0
17593,HAMBURG,Striebitzplatz,0
23277,HAMBURG,Hans-Ludwig-Haering-Gasse,0
95321,HAMBURG,Irmingard-Kaester-Strasse,0
69630,HAMBURG,Margaret-Davids-Platz,0
21107,HAMBURG,Seifertgasse,0
07266,HAMBURG,Reichmanngasse,0
61310,HAMBURG,Helen-Steinberg-Weg,0
41722,HAMBURG,Enno-Flantz-Gasse,0
09918,HAMBURG,Schoenlandweg,0
19878,HAMBURG,Luciano-Saeuberlich-Platz,0
05444,HAMBURG,Curt-Roskoth-Ring,0
13730,HAMBURG,Ruppertstr.,0
69451,HAMBURG,Kuschplatz,0
08703,HAMBURG,Atzlerstrasse,0
43389,HAMBURG,Schaeferallee,0
75523,HAMBURG,Speerallee,0
61755,HAMBURG,Eitel-Lorch-Weg,0
47413,HAMBURG,Birgitta-Ladeck-Weg,0
17449,HAMBURG,Yilmaz-Keudel-Strasse,0
16343,HAMBURG,Scheibeplatz,0
69620,HAMBURG,Jurij-Meyer-Ring,0
21721,HAMBURG,Finkeplatz,0
51014,HAMBURG,Zorbachgasse,0
68004,HAMBURG,Osman-Kaester-Gasse,0
37897,HAMBURG,Natalie-Liebelt-Platz,0
16685,HAMBURG,Eberhard-Heinrich-Allee,0
58465,HAMBURG,Therese-Benthin-Weg,0
98997,HAMBURG,Baerbel-Roht-Platz,0
09549,HAMBURG,Jesselweg,0
81491,HAMBURG,Steckelstrasse,0
51036,HAMBURG,Hettnergasse,0
56871,HAMBURG,Karina-Gertz-Weg,0
85986,HAMBURG,Roerrichtring,0
33582,HAMBURG,Baumstr.,0
95426,HAMBURG,Schenkring,0
77183,HAMBURG,Riehlgasse,0
66936,HAMBURG,Aleksander-Gute-Ring,0
24271,HAMBURG,Edda-Schweitzer-Ring,0
86224,HAMBURG,Annerose-Graf-Weg,0
32809,HAMBURG,Erica-Maelzer-Weg,0
57826,HAMBURG,Raphael-Nohlmans-Strasse,0
11276,HAMBURG,Erdogan-Rose-Ring,0
64333,HAMBURG,Juergen-Weiss-Strasse,0
81550,HAMBURG,Kaesterring,0
31020,HAMBURG,Wiekweg,0
11885,HAMBURG,Giessweg,0
94678,HAMBURG,Rosel-Ladeck-Weg,0
54992,HAMBURG,Hiltrud-Girschner-Weg,0
84957,HAMBURG,Alexandros-Werner-Ring,0
74545,HAMBURG,Jaroslav-Henk-Weg,0
98016,HAMBURG,Ewald-Geisler-Strasse,0
65153,HAMBURG,Hornichgasse,0
42685,HAMBURG,Karl-Peter-Wilms-Weg,0
48980,HAMBURG,Vito-Drubin-Weg,0
83140,HAMBURG,Soedinggasse,0
99414,HAMBURG,Beckmannweg,0
10337,HAMBURG,Rustweg,0
13166,HAMBURG,Andre-Koch II-Platz,0
03932,HAMBURG,Junckenstrasse,0
54711,HAMBURG,Junkgasse,0
89916,HAMBURG,Annett-Gierschner-Platz,0
13547,HAMBURG,Muelichenplatz,0
74433,HAMBURG,Maria-Theresia-Trubin-Platz,0
98436,HAMBURG,Kati-Klemt-Weg,0
55817,HAMBURG,Koehlerstrasse,0
38261,HAMBURG,Ortmannplatz,0
01262,HAMBURG,Franca-Hecker-Platz,0
07246,HAMBURG,Patbergallee,0
80993,HAMBURG,Klemmring,0
81104,HAMBURG,Hoefigstr.,0
15074,HAMBURG,Gabi-Jockel-Gasse,0
92725,HAMBURG,Hannah-Steckel-Allee,0
30326,HAMBURG,Gorlitzweg,0
53382,HAMBURG,Schmidtweg,0
00682,HAMBURG,Gilbert-Thies-Gasse,0
66758,HAMBURG,Schleichstrasse,0
03506,HAMBURG,Annelore-van der Dussen-Platz,0
84887,HAMBURG,Naserstr.,0
71110,HAMBURG,Angelika-Johann-Strasse,0
92766,HAMBURG,Sagerplatz,0
97118,HAMBURG,Ackermannstrasse,0
44531,HAMBURG,Geiselstrasse,0
93057,HAMBURG,Junkstr.,0
29624,HAMBURG,Muehlestrasse,0
64212,HAMBURG,Schmidtgasse,0
32566,HAMBURG,Schmidtkeplatz,0
90465,HAMBURG,Emilia-Bruder-Strasse,0
15974,HAMBURG,Gerlinde-Mangold-Gasse,0
59609,HAMBURG,Hubertus-Stiebitz-Weg,0
23255,HAMBURG,Willy-Rust-Strasse,0
76823,HAMBURG,Schinkeweg,0
08428,HAMBURG,Horst-Dieter-Meister-Platz,0
80199,HAMBURG,Leszek-Fiebig-Platz,0
56970,HAMBURG,Mirco-Roemer-Platz,0
71736,HAMBURG,Foersterplatz,0
09483,HAMBURG,Bastian-Oderwald-Ring,0
81232,HAMBURG,Paolo-Mangold-Strasse,0
28508,HAMBURG,Jens-Uwe-Hethur-Weg,0
08553,HAMBURG,Julius-Bachmann-Ring,0
05813,HAMBURG,Bogdan-Hesse-Ring,0
31185,HAMBURG,Gerald-Hendriks-Ring,0
26048,HAMBURG,Eigenwilligstrasse,0
17176,HAMBURG,Lorchallee,0
46193,HAMBURG,Rafael-Etzold-Strasse,0
92377,HAMBURG,Rosalinde-Muehle-Gasse,0
95545,HAMBURG,Schenkplatz,0
63753,HAMBURG,Koch IIstrasse,0
83448,HAMBURG,Sigmar-Suessebier-Platz,0
04717,HAMBURG,Aleksej-Fischer-Platz,0
78518,HAMBURG,Doehnstrasse,0
58456,HAMBURG,Eberhardtweg,0
72923,HAMBURG,Malte-Suessebier-Strasse,0
99899,HAMBURG,Raphael-Trupp-Strasse,0
94666,HAMBURG,Scheibegasse,0
32995,HAMBURG,Hubert-Dowerg-Ring,0
28173,HAMBURG,Bozena-Drub-Allee,0
63250,HAMBURG,Junckplatz,0
32508,HAMBURG,Harloffgasse,0
90100,HAMBURG,Annett-Freudenberger-Strasse,0
25385,HAMBURG,Gino-Hande-Allee,0
34030,HAMBURG,Rennerallee,0
04057,HAMBURG,Evangelos-Schleich-Weg,0
59588,BERLIN,Osman-Suessebier-Strasse,0
75210,BERLIN,Vollbrechtallee,0
73923,BERLIN,Eigenwilligweg,0
21238,BERLIN,Bernt-Zahn-Weg,0
44441,BERLIN,Koch IIgasse,0
24431,BERLIN,Miriam-Koch-Allee,0
35507,BERLIN,Vincenzo-Geisler-Platz,0
13885,BERLIN,Carstengasse,0
98731,BERLIN,Klaere-Schleich-Platz,0
12474,BERLIN,Kargestrasse,0
85240,BERLIN,Geislergasse,0
75804,BERLIN,Klaus-Dieter-Scheibe-Gasse,0
61529,BERLIN,Klemmstr.,0
88572,BERLIN,Galina-Margraf-Weg,0
32892,BERLIN,Gerfried-Gumprich-Allee,0
12613,BERLIN,Jungferstrasse,0
67783,BERLIN,Heydrichring,0
92297,BERLIN,Kathleen-Conradi-Allee,0
16171,BERLIN,Rosalie-Kitzmann-Gasse,0
05166,BERLIN,Tatjana-Putz-Ring,0
96581,BERLIN,Karl-Dippel-Gasse,0
46250,BERLIN,Rohtring,0
98858,BERLIN,Juan-Oestrovsky-Weg,0
45556,BERLIN,Bernadette-Adolph-Strasse,0
54874,BERLIN,Vesna-Loechel-Platz,0
04560,BERLIN,Paertzeltplatz,0
75143,BERLIN,Gretchen-Beier-Platz,0
99037,BERLIN,Bachmannring,0
29384,BERLIN,Haeringplatz,0
69111,BERLIN,Briemergasse,0
39658,BERLIN,Dragica-Hentschel-Platz,0
52208,BERLIN,Jens-Drubin-Weg,0
37033,BERLIN,Hasso-Gierschner-Ring,0
71783,BERLIN,Brunhilde-Baehr-Strasse,0
65396,BERLIN,Silvester-Lange-Strasse,0
71748,BERLIN,Grafring,0
09864,BERLIN,Huhngasse,0
44740,BERLIN,Tino-Schleich-Strasse,0
58103,BERLIN,Faustgasse,0
14719,BERLIN,Karl-Otto-Holsten-Allee,0
68388,BERLIN,Conradiweg,0
53567,BERLIN,Klingelhoeferstrasse,0
83126,BERLIN,Mia-Luebs-Gasse,0
27755,BERLIN,Traudel-Kallert-Allee,0
93884,BERLIN,Dan-Wernecke-Weg,0
88034,BERLIN,Sauerplatz,0
76083,BERLIN,Anika-Doerr-Allee,0
81791,BERLIN,Gina-Gunpf-Allee,0
75000,BERLIN,Karl-August-Doerr-Ring,0
74812,BERLIN,Jaentschgasse,0
85418,BERLIN,Antonino-Geissler-Platz,0
47430,BERLIN,Pascale-Waehner-Platz,0
54667,BERLIN,Hoefigplatz,0
96021,BERLIN,Scheelplatz,0
17752,BERLIN,Robert-Binner-Weg,0
43019,BERLIN,Elzbieta-Naser-Strasse,0
67455,BERLIN,Froehlichgasse,0
30475,BERLIN,Norman-Ruppert-Strasse,0
22502,BERLIN,Haeringring,0
26779,BERLIN,Thanelallee,0
23174,BERLIN,Heintzeallee,0
69984,BERLIN,Benderplatz,0
00788,BERLIN,Steinbergstr.,0
24168,BERLIN,Ernst-Raedel-Weg,0
50243,BERLIN,Steyring,0
25295,BERLIN,Weimerplatz,0
60709,BERLIN,Hans-J.-Schmiedt-Weg,0
26484,BERLIN,Kristine-Baerer-Weg,0
34936,BERLIN,Waltraud-Barth-Strasse,0
71091,BERLIN,Kramerweg,0
86901,BERLIN,Alexandre-Roehrdanz-Weg,0
12331,BERLIN,Metzweg,0
97208,BERLIN,Gunpfgasse,0
39770,BERLIN,Bernhardine-Rudolph-Ring,0
77887,BERLIN,Wera-Koester-Weg,0
46412,BERLIN,Ria-Butte-Platz,0
77530,BERLIN,Saeuberlichgasse,0
87858,BERLIN,Adlergasse,0
39834,BERLIN,Barkholzweg,0
94469,BERLIN,Spiessstrasse,0
70606,BERLIN,Scheuermannallee,0
79350,BERLIN,Seifertplatz,0
87513,BERLIN,Anika-Trupp-Allee,0
68088,BERLIN,Ignaz-Hartmann-Strasse,0
58416,BERLIN,Bauerstr.,0
49147,BERLIN,Ziegertweg,0
88546,BERLIN,auch Schlauchinplatz,0
31460,BERLIN,Zita-Matthaei-Gasse,0
68192,BERLIN,Junckweg,0
36030,BERLIN,Gisela-Reuter-Gasse,0
98517,BERLIN,Genoveva-Davids-Allee,0
86926,BERLIN,Steinbergstr.,0
73844,BERLIN,Scheuermannring,0
75260,BERLIN,Tom-Butte-Gasse,0
74341,BERLIN,Tilly-Koehler-Ring,0
76262,BERLIN,Wellerweg,0
99972,BERLIN,Hofmannstrasse,0
30956,BERLIN,Frankeplatz,0
84570,BERLIN,Gertzstr.,0
06935,BERLIN,Jacobgasse,0
84749,BERLIN,Schulzweg,0
05933,BERLIN,Veronika-Wirth-Weg,0
40859,BERLIN,Sarina-Peukert-Strasse,0
26023,BERLIN,Rosemarie-Austermuehle-Ring,0
13803,BERLIN,Margarethe-Troest-Allee,0
15285,BERLIN,Scheelgasse,0
45820,BERLIN,Ramazan-Mueller-Allee,0
53974,BERLIN,Willfried-Schmidtke-Allee,0
64857,BERLIN,Karl-Heinz-Plath-Strasse,0
77349,BERLIN,Elfi-Stoll-Gasse,0
92568,BERLIN,Keudelring,0
49782,BERLIN,Dana-Stroh-Ring,0
88225,BERLIN,Kata-Renner-Gasse,0
44894,BERLIN,Kargestr.,0
14519,BERLIN,Franjo-Junitz-Allee,0
40332,BERLIN,Annie-Weitzel-Ring,0
08172,BERLIN,Krausestrasse,0
74847,BERLIN,Alexander-Sontag-Ring,0
59816,BERLIN,Drubinring,0
01717,BERLIN,Roerrichtstr.,0
86948,BERLIN,Froehlichstrasse,0
77569,BERLIN,Rupert-Noack-Strasse,0
77860,BERLIN,Holtgasse,0
22726,BERLIN,Trubring,0
95779,BERLIN,Piepergasse,0
30418,BERLIN,Torben-Weimer-Ring,0
16797,BERLIN,Trudel-Ruppersberger-Allee,0
82587,BERLIN,Geisslerstrasse,0
32884,BERLIN,Kambsstrasse,0
34958,BERLIN,Tibor-Renner-Gasse,0
21117,BERLIN,Birnbaumstr.,0
93239,BERLIN,Gierschnerring,0
77894,BERLIN,Budigallee,0
08599,BERLIN,Irina-Plath-Platz,0
05613,BERLIN,Mendeweg,0
94898,BERLIN,Muehleallee,0
50155,BERLIN,Jacobi Jaeckelplatz,0
71941,BERLIN,Maurice-Dippel-Strasse,0
78804,BERLIN,Viktoria-Holzapfel-Strasse,0
96239,BERLIN,Ismet-Wulf-Ring,0
46060,BERLIN,Baererallee,0
38096,BERLIN,Mansring,0
98403,BERLIN,Schmiedeckegasse,0
93694,BERLIN,Heidrichplatz,0
82164,BERLIN,Lorchring,0
76437,BERLIN,Manuel-Heidrich-Weg,0
01483,BERLIN,Hertrampfstr.,0
22509,BERLIN,Manuel-Kensy-Weg,0
60661,BERLIN,Samir-Hoefig-Platz,0
61235,BERLIN,Ackermannstrasse,0
09040,BERLIN,Janet-Scheel-Allee,0
47132,BERLIN,Rennerstr.,0
40979,BERLIN,Kruschwitzstr.,0
59013,BERLIN,Sarina-Etzler-Platz,0
03771,BERLIN,Roehrichtstr.,0
64467,BERLIN,Luzie-Boerner-Allee,0
54266,BERLIN,Kranzstrasse,0
98607,BERLIN,Walentina-Kallert-Strasse,0
93209,BERLIN,Geiselstrasse,0
73415,BERLIN,Ziegertstrasse,0
62352,BERLIN,Zobelstr.,0
94974,BERLIN,Roerrichtring,0
60474,BERLIN,Mosemannplatz,0
08751,BERLIN,Ria-Juettner-Strasse,0
95288,BERLIN,Norma-Klemm-Strasse,0
61391,BERLIN,Ilka-Mosemann-Strasse,0
37532,BERLIN,Nettestr.,0
06389,BERLIN,Schenkallee,0
51860,BERLIN,Kitzmannring,0
57608,BERLIN,Kreinring,0
52746,BERLIN,Keudelring,0
58574,BERLIN,Anica-Keudel-Ring,0
94556,BERLIN,Schomberallee,0
84537,BERLIN,Bianka-Ullrich-Gasse,0
05227,BERLIN,Wellerstr.,0
38610,BERLIN,Weinholdplatz,0
00799,BERLIN,Rosemannallee,0
44167,BERLIN,Nuray-Wilmsen-Platz,0
53122,BERLIN,Zaenkerplatz,0
72805,BERLIN,Ljiljana-Schmidt-Gasse,0
20759,BERLIN,Orhan-Bonbach-Platz,0
43209,BERLIN,Roehrichtplatz,0
56003,BERLIN,Bohnbachgasse,0
75635,BERLIN,Segebahngasse,0
72747,BERLIN,Stanislav-Drub-Allee,0
83302,BERLIN,Danica-Gotthard-Strasse,0
75790,BERLIN,Dagobert-Bolander-Strasse,0
26043,BERLIN,Wesackstrasse,0
00535,BERLIN,Constance-Raedel-Ring,0
26346,BERLIN,Mary-Taesche-Strasse,0
61982,BERLIN,Ernestine-Mueller-Platz,0
55847,BERLIN,Murat-Gnatz-Platz,0
74986,BERLIN,Cathleen-Gude-Platz,0
77611,BERLIN,Wulf-Rosemann-Weg,0
61765,BERLIN,Ottokar-Eberth-Gasse,0
97852,BERLIN,Karl-Friedrich-Cichorius-Weg,0
51246,BERLIN,Kambsplatz,0
16685,BERLIN,Naserstr.,0
54171,BERLIN,Inka-Seifert-Gasse,0
39426,BERLIN,Isolde-Weinhold-Platz,0
72914,ERFURT,Lachmannstr.,0
55253,ERFURT,Gunter-Walter-Ring,0
29224,ERFURT,Viktor-Dobes-Gasse,0
95703,ERFURT,Paul-Gerhard-Scholz-Strasse,0
87306,ERFURT,Baehrstr.,0
15702,ERFURT,Marianne-Schinke-Strasse,0
07248,ERFURT,Raedelstr.,0
28480,ERFURT,Bauerweg,0
32415,ERFURT,Casparplatz,0
39654,ERFURT,Waehnerstrasse,0
75405,ERFURT,Mangoldplatz,0
80187,ERFURT,Bonbachstrasse,0
53701,ERFURT,Beerring,0
45828,ERFURT,Klingelhoeferweg,0
24664,ERFURT,Anneke-auch Schlauchin-Platz,0
69101,ERFURT,Miesstr.,0
98355,ERFURT,Schmidtstr.,0
42192,ERFURT,Nicolai-Warmer-Platz,0
68011,ERFURT,Isa-Renner-Gasse,0
02548,ERFURT,Paffrathstr.,0
17619,ERFURT,Waehnerring,0
78441,ERFURT,Alice-Lorch-Allee,0
84730,ERFURT,Hermighausengasse,0
75635,ERFURT,Michelle-Schmidt-Weg,0
91432,ERFURT,Anatoli-Peukert-Weg,0
04522,ERFURT,Wagenknechtweg,0
76104,ERFURT,Christophring,0
96301,ERFURT,Doerrstr.,0
05973,ERFURT,Giessring,0
45245,ERFURT,Bolnbachweg,0
01865,ERFURT,Truebring,0
91022,ERFURT,Koch IIallee,0
70509,ERFURT,Mina-Jaentsch-Weg,0
52043,ERFURT,Haasering,0
70779,ERFURT,Elli-Renner-Platz,0
89043,ERFURT,Schoenlandring,0
62575,ERFURT,Susanne-Roemer-Gasse,0
91689,ERFURT,Marianna-Soeding-Allee,0
72592,ERFURT,Freudenbergerweg,0
09293,ERFURT,Lilo-Becker-Ring,0
56231,ERFURT,Hettnerring,0
45540,ERFURT,Klaus Dieter-Klapp-Ring,0
34144,ERFURT,Margrit-Mans-Ring,0
59413,ERFURT,Junckenweg,0
76762,ERFURT,Franz-Xaver-Sauer-Strasse,0
56179,ERFURT,Baehrstr.,0
55796,ERFURT,Stiffelplatz,0
08913,ERFURT,Ingetraut-Becker-Weg,0
93825,ERFURT,Bergerstr.,0
36714,ERFURT,Ahmed-Jungfer-Weg,0
72296,ERFURT,Muharrem-Rogner-Gasse,0
59696,ERFURT,Dehmelring,0
69712,ERFURT,Kreingasse,0
61375,ERFURT,Pruschkeweg,0
16413,ERFURT,Marleen-Hiller-Weg,0
82744,ERFURT,Kargering,0
22317,ERFURT,Austermuehlestr.,0
90885,ERFURT,Karl-Ernst-Sauer-Strasse,0
08776,ERFURT,Lieselotte-Wirth-Ring,0
00689,ERFURT,Rosalinde-Jessel-Platz,0
32291,ERFURT,Paul-Knappe-Gasse,0
75376,ERFURT,Adolphplatz,0
77444,ERFURT,Klaus-Werner-Junken-Gasse,0
43319,ERFURT,Gierschnerallee,0
60436,ERFURT,Etta-Ditschlerin-Strasse,0
46680,ERFURT,Wendeplatz,0
99135,ERFURT,Oderwaldgasse,0
44589,ERFURT,Claudius-Caspar-Ring,0
29924,ERFURT,Schuelergasse,0
72763,ERFURT,Josefine-Austermuehle-Ring,0
21406,ERFURT,Soelzerallee,0
65451,ERFURT,Werneckestr.,0
64983,ERFURT,Wernerallee,0
33977,ERFURT,Jopichgasse,0
54313,ERFURT,Schombergasse,0
35732,ERFURT,Groettnerring,0
16199,ERFURT,Roemerstr.,0
18816,ERFURT,Aurelia-Junck-Gasse,0
90947,ERFURT,Andrzej-Suessebier-Ring,0
37157,ERFURT,Kambsstrasse,0
25411,ERFURT,Gabriele-Scholl-Allee,0
96745,ERFURT,Eimerweg,0
70674,ERFURT,Marietta-Mohaupt-Strasse,0
41638,ERFURT,Cecilia-Drubin-Strasse,0
80336,ERFURT,Elisa-Juettner-Strasse,0
72662,ERFURT,Gerwin-Wieloch-Gasse,0
00977,ERFURT,Heuserstr.,0
56318,ERFURT,Erkan-Boucsein-Platz,0
88704,ERFURT,Luebsstr.,0
51850,ERFURT,Nermin-Keudel-Gasse,0
94993,ERFURT,Weissstr.,0
53845,ERFURT,Antonia-Eckbauer-Weg,0
05238,ERFURT,Scheelstr.,0
16314,ERFURT,Etzlerstrasse,0
07332,ERFURT,Sami-Scheuermann-Allee,0
48365,ERFURT,Rena-Naser-Gasse,0
16633,ERFURT,Sabine-Wirth-Weg,0
97838,ERFURT,Carstenring,0
22162,ERFURT,Mariele-Scheibe-Gasse,0
28010,ERFURT,Muellerweg,0
53675,ERFURT,Georgine-Stolze-Gasse,0
58364,ERFURT,Bruni-Butte-Gasse,0
11642,ERFURT,Mariele-Doerr-Gasse,0
38225,ERFURT,Angelique-Adler-Platz,0
16906,ERFURT,Stolzegasse,0
51142,ERFURT,Neureutherweg,0
05202,ERFURT,Etzlerstrasse,0
71508,ERFURT,Ingeborg-Dehmel-Gasse,0
65225,ERFURT,Steinbergstr.,0
89225,ERFURT,Hornichgasse,0
01878,ERFURT,Ladeckplatz,0
46528,ERFURT,Veronika-Kaul-Platz,0
55647,ERFURT,Mansring,0
66397,ERFURT,Freya-Seifert-Allee,0
74408,ERFURT,Karzgasse,0
80105,ERFURT,Annette-Seifert-Weg,0
45992,ERFURT,Sigrid-Birnbaum-Strasse,0
32070,ERFURT,Weitzelstr.,0
30821,ERFURT,Davidsring,0
88616,ERFURT,Scholtzstrasse,0
84952,ERFURT,Miesstrasse,0
13594,ERFURT,Tilmann-Haenel-Gasse,0
98185,ERFURT,Cilli-Heinrich-Platz,0
75429,ERFURT,Gertraud-Kaester-Allee,0
06008,ERFURT,Schmidtkering,0
32643,ERFURT,Wirthgasse,0
52884,ERFURT,Jochen-Hoerle-Platz,0
38377,ERFURT,Hans-Adolf-Junitz-Platz,0
52845,ERFURT,Gumprichring,0
11537,ERFURT,Haasering,0
98675,ERFURT,Karl-Hermann-Zahn-Ring,0
19226,ERFURT,Nicole-Albers-Platz,0
76725,ERFURT,Gordon-Nohlmans-Allee,0
83882,ERFURT,Erich-Bloch-Allee,0
31917,ERFURT,Strohweg,0
45436,ERFURT,Beerstr.,0
73023,ERFURT,Kristian-Schomber-Weg,0
71127,ERFURT,Ann-Bloch-Strasse,0
03930,ERFURT,Matthias-Roehrdanz-Weg,0
50906,ERFURT,Valentine-Hethur-Ring,0
65480,ERFURT,Birnbaumgasse,0
93242,ERFURT,Eberthstr.,0
08827,ERFURT,Hedi-Tschentscher-Gasse,0
40094,ERFURT,Johannweg,0
23063,ERFURT,Vincenzo-Eimer-Gasse,0
60071,ERFURT,Vera-Hahn-Allee,0
10262,ERFURT,Elvira-Hermighausen-Strasse,0
87931,ERFURT,Adlerallee,0
44475,ERFURT,Dowerggasse,0
94449,ERFURT,Niemeierstrasse,0
01104,ERFURT,Knappegasse,0
78248,ERFURT,Alwina-Carsten-Ring,0
35214,ERFURT,Filiz-Gorlitz-Gasse,0
91797,ERFURT,Karzplatz,0
70852,ERFURT,Tamara-Thies-Ring,0
31710,ERFURT,Hans Josef-Buchholz-Allee,0
15984,ERFURT,Goetz-Geisel-Weg,0
87662,ERFURT,Kreinallee,0
94101,ERFURT,Nora-Schmiedecke-Weg,0
03779,ERFURT,Freudenbergerstrasse,0
28948,ERFURT,Seifertallee,0
51199,ERFURT,Schottinring,0
55788,ERFURT,Heinz-Dieter-Kobelt-Platz,0
00982,ERFURT,Erika-Ruppersberger-Weg,0
42143,ERFURT,Harloffweg,0
60837,ERFURT,Hans-Eberhard-Ortmann-Weg,0
33501,ERFURT,Hans D.-Doerschner-Strasse,0
06643,ERFURT,Liesel-Karz-Allee,0
71346,ERFURT,Paulo-Meister-Platz,0
14192,ERFURT,Erhardt-Reinhardt-Weg,0
77595,ERFURT,René-Eigenwillig-Weg,0
37148,ERFURT,Kreszentia-Austermuehle-Strasse,0
34551,ERFURT,Eberthweg,0
04756,ERFURT,Traute-Beier-Strasse,0
28995,ERFURT,Sabina-Rudolph-Platz,0
54922,ERFURT,Monika-Wohlgemut-Gasse,0
40653,ERFURT,Jadwiga-Scholtz-Strasse,0
12453,ERFURT,Stavros-Mielcarek-Weg,0
76028,ERFURT,Magrit-Stoll-Platz,0
64071,ERFURT,Stiffelweg,0
07875,ERFURT,Kitzmanngasse,0
49142,ERFURT,Traugott-Doehn-Strasse,0
16513,ERFURT,Troeststr.,0
89620,ERFURT,Wirthstrasse,0
26311,ERFURT,Roehrichtweg,0
44481,ERFURT,Baldur-Meyer-Allee,0
27572,ERFURT,Schmidtgasse,0
74705,ERFURT,Beckerallee,0
25197,ERFURT,Vladimir-Schleich-Ring,0
31276,ERFURT,Heide-Marie-Kaul-Platz,0
45273,ERFURT,Evelin-Meister-Strasse,0
16382,ERFURT,Freya-Sorgatz-Weg,0
91273,ERFURT,Francisco-Ruppert-Strasse,0
29707,ERFURT,Krokerweg,0
98012,ERFURT,Sieringweg,0
35482,ERFURT,Fischerallee,0
92071,ERFURT,Plathstr.,0
64340,ERFURT,Ingetraud-Mangold-Gasse,0
64477,ERFURT,Johannweg,0
14094,ERFURT,Reimer-Birnbaum-Gasse,0
33451,FRANKFURT AM MAIN,Bertha-Wagenknecht-Gasse,0
09542,FRANKFURT AM MAIN,Koehlerweg,0
86869,FRANKFURT AM MAIN,Budiggasse,0
80034,FRANKFURT AM MAIN,Boucseinallee,0
65869,FRANKFURT AM MAIN,Justina-Hahn-Platz,0
28295,FRANKFURT AM MAIN,Ruppertgasse,0
78176,FRANKFURT AM MAIN,Dehmelstr.,0
55652,FRANKFURT AM MAIN,Grafplatz,0
58971,FRANKFURT AM MAIN,Zimmerring,0
97498,FRANKFURT AM MAIN,Kochstr.,0
77670,FRANKFURT AM MAIN,Schottinring,0
57776,FRANKFURT AM MAIN,Froehlichweg,0
86412,FRANKFURT AM MAIN,Carmen-Dehmel-Weg,0
97086,FRANKFURT AM MAIN,Alla-Hofmann-Strasse,0
55622,FRANKFURT AM MAIN,Marek-Beer-Platz,0
33671,FRANKFURT AM MAIN,Schuchhardtring,0
02075,FRANKFURT AM MAIN,Elise-Hoffmann-Allee,0
69014,FRANKFURT AM MAIN,Gunda-Walter-Platz,0
94159,FRANKFURT AM MAIN,Charlotte-Hofmann-Weg,0
89425,FRANKFURT AM MAIN,Hoevelstrasse,0
88333,FRANKFURT AM MAIN,Doeringstr.,0
17325,FRANKFURT AM MAIN,Telse-Schwital-Strasse,0
13167,FRANKFURT AM MAIN,Flantzstrasse,0
38121,FRANKFURT AM MAIN,Eva-Marie-Heidrich-Strasse,0
70018,FRANKFURT AM MAIN,Ingelore-Tschentscher-Ring,0
97995,FRANKFURT AM MAIN,Salzgasse,0
84898,FRANKFURT AM MAIN,Erna-Hentschel-Strasse,0
69031,FRANKFURT AM MAIN,Wagnerstrasse,0
61562,FRANKFURT AM MAIN,Klemens-Walter-Platz,0
90647,FRANKFURT AM MAIN,Steckelstrasse,0
19858,FRANKFURT AM MAIN,Gorlitzstrasse,0
73160,FRANKFURT AM MAIN,Schaafweg,0
64564,FRANKFURT AM MAIN,Heinstrasse,0
85394,FRANKFURT AM MAIN,Wulfallee,0
48514,FRANKFURT AM MAIN,Austermuehlering,0
86597,FRANKFURT AM MAIN,Augusta-Sager-Weg,0
22469,FRANKFURT AM MAIN,Anna-Lena-Schulz-Ring,0
42737,FRANKFURT AM MAIN,Schmiedtplatz,0
16337,FRANKFURT AM MAIN,Johanna-Suessebier-Gasse,0
12174,FRANKFURT AM MAIN,Rohtgasse,0
86002,FRANKFURT AM MAIN,Ruth-Stiebitz-Weg,0
54141,FRANKFURT AM MAIN,Walterweg,0
97622,FRANKFURT AM MAIN,Gero-Oestrovsky-Allee,0
14014,FRANKFURT AM MAIN,Tintzmannweg,0
18403,FRANKFURT AM MAIN,Heidrichplatz,0
72871,FRANKFURT AM MAIN,Kraushaarstr.,0
78146,FRANKFURT AM MAIN,Mark-Hande-Platz,0
09126,FRANKFURT AM MAIN,Geiselallee,0
44753,FRANKFURT AM MAIN,Valentin-Wulf-Allee,0
58898,FRANKFURT AM MAIN,Bohnbachweg,0
32687,FRANKFURT AM MAIN,Tadeusz-Lindner-Platz,0
97394,FRANKFURT AM MAIN,Zaenkergasse,0
57370,FRANKFURT AM MAIN,Gertraud-Dietz-Gasse,0
87649,FRANKFURT AM MAIN,Valentine-Plath-Ring,0
60763,FRANKFURT AM MAIN,Gudestrasse,0
89589,FRANKFURT AM MAIN,Soedingweg,0
22193,FRANKFURT AM MAIN,Gesa-Graf-Allee,0
12636,FRANKFURT AM MAIN,Hans-Guenther-Eberhardt-Ring,0
97938,FRANKFURT AM MAIN,Heidelinde-Wieloch-Gasse,0
54787,FRANKFURT AM MAIN,Katja-Adolph-Ring,0
05291,FRANKFURT AM MAIN,Bolnbachgasse,0
97703,FRANKFURT AM MAIN,H.-Dieter-Etzold-Ring,0
39954,FRANKFURT AM MAIN,Hessstrasse,0
73103,FRANKFURT AM MAIN,Peukertstrasse,0
17789,FRANKFURT AM MAIN,Peukertplatz,0
95280,FRANKFURT AM MAIN,Julia-Bien-Platz,0
21430,FRANKFURT AM MAIN,Koehlerring,0
04417,FRANKFURT AM MAIN,Mentzelring,0
61221,FRANKFURT AM MAIN,Martha-Kuehnert-Platz,0
43776,FRANKFURT AM MAIN,Deborah-Beer-Ring,0
99165,FRANKFURT AM MAIN,Dietzweg,0
09054,FRANKFURT AM MAIN,Kristiane-Freudenberger-Ring,0
60376,FRANKFURT AM MAIN,Gnatzweg,0
25841,FRANKFURT AM MAIN,Bayram-Holsten-Platz,0
51293,FRANKFURT AM MAIN,Dietzweg,0
28310,FRANKFURT AM MAIN,Pohlring,0
41385,FRANKFURT AM MAIN,Eleni-Henk-Allee,0
55984,FRANKFURT AM MAIN,Doehnstr.,0
60302,FRANKFURT AM MAIN,Keudelstrasse,0
59386,FRANKFURT AM MAIN,Marianne-Baerer-Weg,0
84139,FRANKFURT AM MAIN,Danica-Oestrovsky-Platz,0
40584,FRANKFURT AM MAIN,Kruschwitzallee,0
67785,FRANKFURT AM MAIN,Pauline-Heser-Allee,0
26722,FRANKFURT AM MAIN,Blochweg,0
23619,FRANKFURT AM MAIN,Hans-Friedrich-Stumpf-Ring,0
69125,FRANKFURT AM MAIN,Beierstr.,0
86097,FRANKFURT AM MAIN,Schusterallee,0
94267,FRANKFURT AM MAIN,Wielochallee,0
74032,FRANKFURT AM MAIN,Jane-Wesack-Platz,0
03903,FRANKFURT AM MAIN,Trude-Neuschaefer-Ring,0
53591,FRANKFURT AM MAIN,Vera-Lange-Weg,0
40828,FRANKFURT AM MAIN,Alwin-Stey-Allee,0
95292,FRANKFURT AM MAIN,Gunhild-Huebel-Allee,0
61380,FRANKFURT AM MAIN,Cindy-Etzold-Platz,0
33237,FRANKFURT AM MAIN,Heckergasse,0
70959,FRANKFURT AM MAIN,Ebertstr.,0
90676,FRANKFURT AM MAIN,Klotzgasse,0
16779,FRANKFURT AM MAIN,Winklerring,0
19754,FRANKFURT AM MAIN,Aloisia-Austermuehle-Allee,0
42529,FRANKFURT AM MAIN,Kambsstr.,0
05393,FRANKFURT AM MAIN,Xaver-Christoph-Weg,0
84856,FRANKFURT AM MAIN,Brian-Bolzmann-Ring,0
27724,FRANKFURT AM MAIN,Gitta-Franke-Platz,0
36479,FRANKFURT AM MAIN,Lia-Henschel-Gasse,0
51913,FRANKFURT AM MAIN,Groettnerweg,0
88386,FRANKFURT AM MAIN,Heuserplatz,0
99013,FRANKFURT AM MAIN,Marianne-Werner-Platz,0
99861,FRANKFURT AM MAIN,Luebsplatz,0
72565,FRANKFURT AM MAIN,Riehlgasse,0
65595,FRANKFURT AM MAIN,Ljudmila-Taesche-Gasse,0
85642,FRANKFURT AM MAIN,Rolf-Dieter-Vogt-Allee,0
55264,FRANKFURT AM MAIN,Reimund-Haenel-Weg,0
36869,FRANKFURT AM MAIN,Marvin-Maelzer-Ring,0
43383,FRANKFURT AM MAIN,Drewesstr.,0
15618,FRANKFURT AM MAIN,Pascale-Holzapfel-Strasse,0
28504,FRANKFURT AM MAIN,Ortmannweg,0
34635,FRANKFURT AM MAIN,Gudeweg,0
60009,FRANKFURT AM MAIN,Irmi-Holsten-Allee,0
98088,FRANKFURT AM MAIN,Thorsten-Hethur-Gasse,0
27890,FRANKFURT AM MAIN,Fatma-Ullrich-Ring,0
80752,FRANKFURT AM MAIN,Siegrun-Ullrich-Allee,0
40240,FRANKFURT AM MAIN,Gottlob-Schmiedecke-Weg,0
92972,FRANKFURT AM MAIN,Herrmanngasse,0
36519,FRANKFURT AM MAIN,Henckstr.,0
93287,FRANKFURT AM MAIN,Kilian-Salz-Weg,0
46955,FRANKFURT AM MAIN,Fechnerring,0
74250,FRANKFURT AM MAIN,Birgid-Kruschwitz-Gasse,0
35106,FRANKFURT AM MAIN,Jolanthe-Wohlgemut-Gasse,0
15912,FRANKFURT AM MAIN,Jaentschplatz,0
14399,FRANKFURT AM MAIN,Walterring,0
92396,FRANKFURT AM MAIN,Thiesstrasse,0
02004,FRANKFURT AM MAIN,Herrmannplatz,0
25827,FRANKFURT AM MAIN,Hamanngasse,0
89755,FRANKFURT AM MAIN,Warmerstrasse,0
32453,FRANKFURT AM MAIN,Rosenowallee,0
63447,FRANKFURT AM MAIN,Kadeallee,0
52665,FRANKFURT AM MAIN,Mentzelallee,0
97217,FRANKFURT AM MAIN,Rognerweg,0
62561,FRANKFURT AM MAIN,Karzallee,0
99605,FRANKFURT AM MAIN,Geislerstrasse,0
45058,FRANKFURT AM MAIN,Mohauptweg,0
63416,FRANKFURT AM MAIN,Roggestr.,0
21983,FRANKFURT AM MAIN,Jaehnallee,0
26505,FRANKFURT AM MAIN,Koch IIstrasse,0
91514,FRANKFURT AM MAIN,Hans-Helmut-Kaul-Weg,0
18224,FRANKFURT AM MAIN,Alida-Putz-Weg,0
83329,FRANKFURT AM MAIN,Hillerstr.,0
40911,FRANKFURT AM MAIN,Ehlertgasse,0
43582,FRANKFURT AM MAIN,Andrej-Sorgatz-Allee,0
32316,FRANKFURT AM MAIN,Maren-Graf-Weg,0
55936,FRANKFURT AM MAIN,Kurt-Weitzel-Weg,0
25612,FRANKFURT AM MAIN,Zirmegasse,0
56956,FRANKFURT AM MAIN,Tilman-Gotthard-Strasse,0
05646,FRANKFURT AM MAIN,Philippe-Junk-Gasse,0
64128,FRANKFURT AM MAIN,Scholtzring,0
68984,FRANKFURT AM MAIN,Heringring,0
29565,FRANKFURT AM MAIN,Andreas-Schlosser-Weg,0
36426,FRANKFURT AM MAIN,Martinallee,0
13304,FRANKFURT AM MAIN,Sofia-Schaaf-Ring,0
76195,FRANKFURT AM MAIN,Heserstrasse,0
30251,FRANKFURT AM MAIN,Wendering,0
43764,FRANKFURT AM MAIN,Andersgasse,0
08848,FRANKFURT AM MAIN,Kabusallee,0
51602,FRANKFURT AM MAIN,Meinolf-Drewes-Strasse,0
18968,FRANKFURT AM MAIN,Gordon-Zahn-Weg,0
78899,FRANKFURT AM MAIN,Mirko-Ritter-Allee,0
38539,FRANKFURT AM MAIN,Jane-Schaefer-Strasse,0
11475,FRANKFURT AM MAIN,Killerring,0
32987,FRANKFURT AM MAIN,Trude-Ritter-Platz,0
37179,FRANKFURT AM MAIN,Ruppersbergerstrasse,0
16692,FRANKFURT AM MAIN,Dittmar-Schwital-Strasse,0
07232,FRANKFURT AM MAIN,Koestergasse,0
03424,FRANKFURT AM MAIN,Cornelius-Scheuermann-Weg,0
94800,FRANKFURT AM MAIN,Petar-Heuser-Strasse,0
21724,FRANKFURT AM MAIN,Gretl-Rose-Allee,0
18164,FRANKFURT AM MAIN,Sieringplatz,0
01447,FRANKFURT AM MAIN,Rosemannring,0
90105,FRANKFURT AM MAIN,Anica-Loeffler-Platz,0
28196,FRANKFURT AM MAIN,Mohauptring,0
88704,FRANKFURT AM MAIN,Maelzerstr.,0
68945,FRANKFURT AM MAIN,Boucseingasse,0
10602,FRANKFURT AM MAIN,Else-Rust-Platz,0
82314,FRANKFURT AM MAIN,Rosenowring,0
55921,FRANKFURT AM MAIN,Mathilde-Jopich-Strasse,0
35173,FRANKFURT AM MAIN,Christof-Stey-Gasse,0
28570,FRANKFURT AM MAIN,Zimmerplatz,0
69365,FRANKFURT AM MAIN,Alexej-Schmidt-Platz,0
14821,FRANKFURT AM MAIN,Hermannstr.,0
90712,FRANKFURT AM MAIN,Riehlweg,0
63418,FRANKFURT AM MAIN,Sofia-Putz-Allee,0
48395,FRANKFURT AM MAIN,Neuschaefergasse,0
65049,FRANKFURT AM MAIN,Hans-Gerd-Mueller-Ring,0
49328,FRANKFURT AM MAIN,Sigurd-Doerschner-Gasse,0
68520,FRANKFURT AM MAIN,Grein Grothgasse,0
96008,FRANKFURT AM MAIN,Mechtild-Drubin-Ring,0
59508,FRANKFURT AM MAIN,Dietzring,0
77799,FRANKFURT AM MAIN,Kuhlring,0
89411,FRANKFURT AM MAIN,Ritterplatz,0
19349,FRANKFURT AM MAIN,Vogtstrasse,0
70800,FRANKFURT AM MAIN,Steygasse,0
64775,MUENCHEN,Bianca-Textor-Allee,0
55860,MUENCHEN,Ottoring,0
06209,MUENCHEN,Margrafweg,0
08318,MUENCHEN,Thiesstr.,0
26247,MUENCHEN,Lisa-Rohleder-Platz,0
41234,MUENCHEN,Patrizia-Trubin-Strasse,0
24714,MUENCHEN,Minna-Ditschlerin-Ring,0
67577,MUENCHEN,Jose-Adolph-Gasse,0
38253,MUENCHEN,Marita-Schwital-Strasse,0
27912,MUENCHEN,Mohamed-Berger-Allee,0
08678,MUENCHEN,Robby-Ullmann-Allee,0
81696,MUENCHEN,Mitschkeweg,0
35627,MUENCHEN,Jacobi Jaeckelplatz,0
87616,MUENCHEN,Heinallee,0
47415,MUENCHEN,auch Schlauchinallee,0
93435,MUENCHEN,Lindaustrasse,0
15069,MUENCHEN,Ingmar-van der Dussen-Weg,0
91757,MUENCHEN,Klaus-Dieter-Juncken-Allee,0
38496,MUENCHEN,Dennis-Seip-Allee,0
73684,MUENCHEN,Thoralf-Gude-Gasse,0
45371,MUENCHEN,Diether-Heuser-Strasse,0
16567,MUENCHEN,Naserplatz,0
29439,MUENCHEN,Beyerplatz,0
20709,MUENCHEN,Kostolzinplatz,0
03662,MUENCHEN,Kitzmannring,0
97514,MUENCHEN,Krzysztof-Baum-Ring,0
11931,MUENCHEN,Pohlstr.,0
65598,MUENCHEN,Junkenring,0
38586,MUENCHEN,Henschelgasse,0
90805,MUENCHEN,Thea-Rogner-Weg,0
35212,MUENCHEN,Ditschlerinstr.,0
64077,MUENCHEN,Pia-Fiebig-Allee,0
67426,MUENCHEN,Marc-Zimmer-Weg,0
80288,MUENCHEN,Dariusz-Sauer-Gasse,0
44352,MUENCHEN,Linkeplatz,0
60852,MUENCHEN,Gnatzallee,0
51334,MUENCHEN,Hendriksallee,0
62372,MUENCHEN,Zaenkerstrasse,0
36793,MUENCHEN,Sahin-Hertrampf-Strasse,0
37794,MUENCHEN,Leonhard-Seifert-Allee,0
71279,MUENCHEN,Hans-Karl-Albers-Platz,0
27418,MUENCHEN,Preissgasse,0
86557,MUENCHEN,Gierschnerstrasse,0
15452,MUENCHEN,Valeska-Herrmann-Ring,0
10717,MUENCHEN,Wenzel-Bachmann-Allee,0
32849,MUENCHEN,Giessstrasse,0
10994,MUENCHEN,Romana-Loeffler-Gasse,0
36078,MUENCHEN,Karola-Patberg-Platz,0
08098,MUENCHEN,Hermann-Josef-Hecker-Gasse,0
46582,MUENCHEN,Hettnerweg,0
11845,MUENCHEN,Marlies-Kruschwitz-Gasse,0
77068,MUENCHEN,Kasimir-Bohnbach-Ring,0
60054,MUENCHEN,Heinrich-Gehringer-Gasse,0
86415,MUENCHEN,Krokergasse,0
55484,MUENCHEN,Doerschnerring,0
81661,MUENCHEN,Zimmerweg,0
44385,MUENCHEN,Textorallee,0
33550,MUENCHEN,Kostolzinstrasse,0
79289,MUENCHEN,Schuchhardtweg,0
19355,MUENCHEN,Hans Joerg-Lindau-Allee,0
21254,MUENCHEN,Ricarda-Rosemann-Strasse,0
52537,MUENCHEN,Adele-Kostolzin-Weg,0
57232,MUENCHEN,Rustallee,0
88562,MUENCHEN,Gerlachgasse,0
75198,MUENCHEN,Wieslaw-Rohleder-Strasse,0
65284,MUENCHEN,Hedda-Lindner-Ring,0
62769,MUENCHEN,Weimerstrasse,0
40238,MUENCHEN,Lilo-Walter-Allee,0
55053,MUENCHEN,Dehmelplatz,0
02255,MUENCHEN,Naserring,0
37777,MUENCHEN,Noackweg,0
20276,MUENCHEN,Misicherring,0
10329,MUENCHEN,Haenelplatz,0
63234,MUENCHEN,Benthinallee,0
95869,MUENCHEN,Trudi-Aumann-Allee,0
65892,MUENCHEN,Magdalena-Oderwald-Ring,0
60398,MUENCHEN,Trubstrasse,0
71578,MUENCHEN,Maike-Warmer-Strasse,0
49182,MUENCHEN,Foersterstrasse,0
85338,MUENCHEN,Louise-Eckbauer-Allee,0
50909,MUENCHEN,Lehmanngasse,0
26548,MUENCHEN,Cemil-Hess-Allee,0
29276,MUENCHEN,Ahmad-Klemm-Allee,0
71808,MUENCHEN,Hanne-Hande-Weg,0
51724,MUENCHEN,Geisslerallee,0
71737,MUENCHEN,Francis-auch Schlauchin-Strasse,0
34146,MUENCHEN,Birnbaumgasse,0
67372,MUENCHEN,Ditschlerinweg,0
64745,MUENCHEN,Ron-Eberth-Weg,0
01458,MUENCHEN,Luzie-Bauer-Gasse,0
99939,MUENCHEN,Roggeweg,0
21429,MUENCHEN,Taescheallee,0
89270,MUENCHEN,Kambsplatz,0
81689,MUENCHEN,Warmerring,0
35614,MUENCHEN,Brudergasse,0
71193,MUENCHEN,Haeringplatz,0
05073,MUENCHEN,Scheelring,0
49589,MUENCHEN,Grafstr.,0
92532,MUENCHEN,Karl-Ludwig-Hornich-Gasse,0
81113,MUENCHEN,Felicia-Doerr-Gasse,0
02852,MUENCHEN,Kreingasse,0
23739,MUENCHEN,Cord-Doering-Platz,0
67360,MUENCHEN,Hoerlering,0
44141,MUENCHEN,Kraushaarring,0
45572,MUENCHEN,Fabian-Dippel-Strasse,0
48922,MUENCHEN,Gabriele-Wende-Gasse,0
63300,MUENCHEN,Elzbieta-Suessebier-Weg,0
74273,MUENCHEN,Schweitzerweg,0
56462,MUENCHEN,Katharine-Scholtz-Allee,0
04933,MUENCHEN,Nancy-Adler-Ring,0
98794,MUENCHEN,Ria-Luebs-Weg,0
24622,MUENCHEN,Dietlind-Trapp-Weg,0
74001,MUENCHEN,Francoise-Boerner-Strasse,0
51761,MUENCHEN,Gerhart-Kusch-Ring,0
53592,MUENCHEN,Annelore-Junken-Weg,0
42834,MUENCHEN,Amalia-Neuschaefer-Strasse,0
96937,MUENCHEN,Strohring,0
23611,MUENCHEN,Theodor-Wulf-Ring,0
26585,MUENCHEN,Rupert-Reising-Strasse,0
91780,MUENCHEN,Baumstrasse,0
29262,MUENCHEN,Mariele-Liebelt-Strasse,0
31449,MUENCHEN,Lachmannweg,0
31017,MUENCHEN,Niemeierstr.,0
47382,MUENCHEN,Gerhard-Mangold-Platz,0
86866,MUENCHEN,Doerschnerstr.,0
11805,MUENCHEN,Henrike-Gehringer-Allee,0
22147,MUENCHEN,Schaefergasse,0
69635,MUENCHEN,Hella-Kambs-Weg,0
33423,MUENCHEN,Johanna-Briemer-Ring,0
03233,MUENCHEN,Jeanette-Kuehnert-Strasse,0
76723,MUENCHEN,Albersring,0
32954,MUENCHEN,Hansgeorg-Lindner-Allee,0
34723,MUENCHEN,Wagenknechtallee,0
94367,MUENCHEN,Michaele-Vogt-Ring,0
91081,MUENCHEN,Desiree-Weller-Weg,0
66374,MUENCHEN,Dorothee-Graf-Weg,0
61153,MUENCHEN,Wiekstr.,0
20964,MUENCHEN,Ernststrasse,0
79146,MUENCHEN,Truebstrasse,0
09973,MUENCHEN,Amanda-Tintzmann-Strasse,0
28759,MUENCHEN,Schinkegasse,0
18112,MUENCHEN,Hesseweg,0
22368,MUENCHEN,Harloffstr.,0
70274,MUENCHEN,Klothilde-Niemeier-Strasse,0
91209,MUENCHEN,Annelie-Ehlert-Platz,0
21989,MUENCHEN,Paul-Wagner-Gasse,0
19313,MUENCHEN,Vincent-Rudolph-Ring,0
32562,MUENCHEN,Kenneth-Kabus-Ring,0
48636,MUENCHEN,Desiree-Kruschwitz-Allee,0
29017,MUENCHEN,Isabel-Schweitzer-Platz,0
37261,MUENCHEN,Aribert-Mude-Weg,0
89669,MUENCHEN,Schmidtgasse,0
02734,MUENCHEN,Laszlo-Haenel-Allee,0
71192,MUENCHEN,Hoffmannplatz,0
49828,MUENCHEN,Hermannweg,0
40533,MUENCHEN,Heinrichplatz,0
79650,MUENCHEN,Emilie-Nette-Allee,0
55969,MUENCHEN,Hoevelplatz,0
17262,MUENCHEN,Zirmering,0
10654,MUENCHEN,Mario-Heinz-Gasse,0
46958,MUENCHEN,Ernst-Trueb-Ring,0
83172,MUENCHEN,Cindy-Pohl-Platz,0
99669,MUENCHEN,Reisingweg,0
27365,MUENCHEN,Stefani-Bolzmann-Ring,0
94648,MUENCHEN,Christof-Gertz-Ring,0
67551,MUENCHEN,Wendelin-Patberg-Gasse,0
56150,MUENCHEN,Jaehnallee,0
80458,MUENCHEN,Sylvia-Poelitz-Gasse,0
98178,MUENCHEN,Tadeusz-Kaester-Weg,0
89605,MUENCHEN,Maike-Weimer-Allee,0
88618,MUENCHEN,Muehlegasse,0
05217,MUENCHEN,Meisterweg,0
58608,MUENCHEN,Eveline-Kabus-Platz,0
74101,MUENCHEN,Holtgasse,0
07453,MUENCHEN,Rupert-Ruppert-Weg,0
72368,MUENCHEN,Karolina-Henk-Gasse,0
17266,MUENCHEN,Casparallee,0
50136,MUENCHEN,Heide-Mentzel-Ring,0
60394,MUENCHEN,Martina-Hauffer-Ring,0
61167,MUENCHEN,Netteplatz,0
17648,MUENCHEN,German-Hertrampf-Platz,0
66891,MUENCHEN,Biggengasse,0
51312,MUENCHEN,Gertzstrasse,0
08812,MUENCHEN,Isabella-Bonbach-Weg,0
58025,MUENCHEN,Thoralf-Stahr-Allee,0
46571,MUENCHEN,Trommlerplatz,0
72458,MUENCHEN,Mahmut-Schmiedecke-Strasse,0
50989,MUENCHEN,Birgit-Wieloch-Allee,0
94776,MUENCHEN,Eleonore-Roehrdanz-Weg,0
48595,MUENCHEN,Huebelring,0
09693,MUENCHEN,Steinbergplatz,0
61676,MUENCHEN,Muehleallee,0
58830,MUENCHEN,Jesselgasse,0
69945,MUENCHEN,Christos-Ring-Strasse,0
28783,MUENCHEN,Amir-Girschner-Strasse,0
82963,MUENCHEN,Bauerweg,0
12759,MUENCHEN,Schmidtstrasse,0
73156,MUENCHEN,Roehrichtstrasse,0
32286,MUENCHEN,Neuschaeferweg,0
51850,MUENCHEN,Gierschnerstr.,0
